ID,Категория культуры,Культура,№,Показатель зерна,Тип поля,Единица измерения,"Примечание
к ед.изм.",Минимальное значение,Редакт. min-знач,Максимальное значение,Редакт max-знач,ГОСТ
1,Кукуруза,Кукуруза,1,Влажность,Числовое,%,Проценты,Нет,Нет,"14,0",Да,ГОСТ 13586.5-2015
2,,Кукуруза,2,Сорная примечь,Числовое,%,Проценты,Нет,Нет,"2,0",Да,ГОСТ 30483-97
3,,Кукуруза,3,Зерновая примесь,Числовое,%,Проценты,Нет,Нет,"15,0",Да,ГОСТ 30483-97
4,,Кукуруза,4,Битые,Числовое,%,Проценты,Нет,Нет,"5,0",Да,EN 16378
5,,Кукуруза,5,Зерновая примесь (всего поврежденные),Числовое,%,Проценты,Нет,Нет,"5,0",Да,EN 16378
6,,Кукуруза,6,Прочие зерновые,Числовое,%,Проценты,Нет,Нет,"0,5",Да,EN 16378
7,,Кукуруза,7,"Поврежденные вредителями, фузариозом",Числовое,%,Проценты,Нет,Нет,"0,5",Да,EN 16378
8,,Кукуруза,8,Поврежденные сушкой,Числовое,%,Проценты,Нет,Нет,"2,0",Да,EN 16378
9,,Кукуруза,9,Поврежденные плесенью,Числовое,%,Проценты,Нет,Нет,"2,0",Да,EN 16378
10,,Кукуруза,10,Суммарный афлотаксин,Числовое,ppb,Миллиарндая доля,Нет,Нет,20,Да,ТР ТС 015/2011
11,,Кукуруза,11,Афлотаксин,Числовое,ppb,Миллиарндая доля,Нет,Нет,250,Да,ТР ТС 015/2011
12,,Кукуруза,12,Охратоксин А,Числовое,ppb,Миллиарндая доля,Нет,Нет,250,Да,ТР ТС 015/2011
13,,Кукуруза,13,Вомитоксин (ДОН),Числовое,ppb,Миллиарндая доля,Нет,Нет,8 000,Да,ТР ТС 015/2011
14,,Кукуруза,14,Зеараленон,Числовое,ppb,Миллиарндая доля,Нет,Нет,2 000,Да,ТР ТС 015/2011
15,,Кукуруза,15,Фумонизин,Числовое,ppb,Миллиарндая доля,Нет,Нет,60 000,Да,ТР ТС 015/2011
16,,Кукуруза,16,Зараженность,Текстовое,Не допускается,,,,,,ГОСТ 30483-97
17,,Кукуруза,17,Запах,Текстовое,Свойственный здоровому зерну без запаха фумигантов и других инородных запахов,,,,,,
18,,Кукуруза,18,Афлатоксины,Текстовое,В пределах европейских норм,,,,,,
19,,Кукуруза,20,Остальные показатели,Текстовое,Остальные показатели качества должны соответствовать ГОСТ 13634 – 90,,,,,,
20,Пшеница,"Пшеница 5 класс. Протеин 9,0%",1,Натура,Числовое,г/л,Грамм на Литр,750,да,нет,нет,ГОСТ 10840 - 64
21,,"Пшеница 5 класс. Протеин 9,0%",2,Влажность,Числовое,%,Проценты,Нет,Нет,"14,0",Да,ГОСТ 13586.5-2015
22,,"Пшеница 5 класс. Протеин 9,0%",3,Сорная примечь,Числовое,%,Проценты,Нет,Нет,"2,0",Да,ГОСТ 30483-97
23,,"Пшеница 5 класс. Протеин 9,0%",4,Зерновая примесь,Числовое,%,Проценты,Нет,Нет,"5,0",Да,ГОСТ 30483-97
24,,"Пшеница 5 класс. Протеин 9,0%",5,Протеин,Числовое,%,Проценты,"9,0",Да,Нет,Нет,ГОСТ 10846-91
25,,"Пшеница 5 класс. Протеин 9,0%",6,Число падения,Числовое,c,Секунды,190,Да,Нет,Нет,ГОСТ 27676 - 88
26,,"Пшеница 5 класс. Протеин 9,0%",7,Повреждение клопом черепашкой,Числовое,%,Проценты,Нет,Нет,"2,0",Да,ГОСТ 30483-97
27,,"Пшеница 5 класс. Протеин 9,0%",9,Альвеографические характеристики теста,Числовое,дж.,Джоули,130,Да,Нет,Нет,ISO 27971:2015
28,,"Пшеница 5 класс. Протеин 9,0%",10,Вомитоксин ,Текстовое,Согласно пределам ЕС,,,,,,ТР ТС 015/2011
29,,"Пшеница 5 класс. Протеин 9,0%",11,Зараженность,Текстовое,Не допускается,,,,,,ГОСТ 30483-97
30,,"Пшеница 5 класс. Протеин 9,0%",12,Запах,Текстовое,Свойственный здоровому зерну без запаха фумигантов и других инородных запахов,,,,,,
31,,"Пшеница 5 класс. Протеин 9,0%",13,Остальные показатели,Текстовое,Остальные показатели качества должны соответствовать ГОСТ 9353-2016,,,,,,
32,Пшеница,"Пшеница 5 класс. Протеин 10,0%",1,Натура,Числовое,г/л,Грамм на Литр,750,да,нет,нет,ГОСТ 10840 - 64
33,,"Пшеница 5 класс. Протеин 10,0%",2,Влажность,Числовое,%,Проценты,Нет,Нет,"14,0",Да,ГОСТ 13586.5-2015
34,,"Пшеница 5 класс. Протеин 10,0%",3,Сорная примечь,Числовое,%,Проценты,Нет,Нет,"2,0",Да,ГОСТ 30483-97
35,,"Пшеница 5 класс. Протеин 10,0%",4,Зерновая примесь,Числовое,%,Проценты,Нет,Нет,"5,0",Да,ГОСТ 30483-97
36,,"Пшеница 5 класс. Протеин 10,0%",5,Протеин,Числовое,%,Проценты,"10,0",Да,Нет,Нет,ГОСТ 10846-91
37,,"Пшеница 5 класс. Протеин 10,0%",6,Число падения,Числовое,c,Секунды,190,Да,Нет,Нет,ГОСТ 27676 - 88
38,,"Пшеница 5 класс. Протеин 10,0%",7,Количество клейковины ,Числовое,%,Проценты,12,Да,Нет,Нет,ГОСТ Р 54478-2011
39,,"Пшеница 5 класс. Протеин 10,0%",8,ИДК,Числовое,ед.,Единицы,43,Да,102,Да,ГОСТ Р 54478-2011
40,,"Пшеница 5 класс. Протеин 10,0%",9,Повреждение клопом черепашкой,Числовое,%,Проценты,нет,нет,"2,0",Да,ГОСТ 30483-97
41,,"Пшеница 5 класс. Протеин 10,0%",10,Альвеографические характеристики теста,Числовое,дж.,Джоули,130,Да,Нет,Нет,ISO 27971:2015
42,,"Пшеница 5 класс. Протеин 10,0%",11,Вомитоксин ,Текстовое,Согласно пределам ЕС,,,,,,ТР ТС 015/2011
43,,"Пшеница 5 класс. Протеин 10,0%",12,Зараженность,Текстовое,Не допускается,,,,,,ГОСТ 30483-97
44,,"Пшеница 5 класс. Протеин 10,0%",13,Запах,Текстовое,Свойственный здоровому зерну без запаха фумигантов и других инородных запахов,,,,,,
45,,"Пшеница 5 класс. Протеин 10,0%",14,Остальные показатели,Текстовое,Остальные показатели качества должны соответствовать ГОСТ  9353-2016,,,,,,
46,Пшеница,"Пшеница 5 класс. Протеин 10,5%",1,Натура,Числовое,г/л,Грамм на Литр,750,да,нет,нет,ГОСТ 10840 - 64
47,,"Пшеница 5 класс. Протеин 10,5%",2,Влажность,Числовое,%,Проценты,Нет,Нет,"14,0",Да,ГОСТ 13586.5-2015
48,,"Пшеница 5 класс. Протеин 10,5%",3,Сорная примечь,Числовое,%,Проценты,Нет,Нет,"2,0",Да,ГОСТ 30483-97
49,,"Пшеница 5 класс. Протеин 10,5%",4,Зерновая примесь,Числовое,%,Проценты,Нет,Нет,"5,0",Да,ГОСТ 30483-97
50,,"Пшеница 5 класс. Протеин 10,5%",5,Протеин,Числовое,%,Проценты,"10,5",Да,Нет,Нет,ГОСТ 10846-91
51,,"Пшеница 5 класс. Протеин 10,5%",6,Число падения,Числовое,c,Секунды,190,Да,Нет,Нет,ГОСТ 27676 - 88
52,,"Пшеница 5 класс. Протеин 10,5%",7,Количество клейковины ,Числовое,%,Проценты,14,Да,Нет,Нет,ГОСТ Р 54478-2011
53,,"Пшеница 5 класс. Протеин 10,5%",8,ИДК,Числовое,ед.,Единицы,43,Да,102,Да,ГОСТ Р 54478-2011
54,,"Пшеница 5 класс. Протеин 10,5%",9,Повреждение клопом черепашкой,Числовое,%,Проценты,нет,нет,"2,0",Да,ГОСТ 30483-97
55,,"Пшеница 5 класс. Протеин 10,5%",10,Альвеографические характеристики теста,Числовое,дж.,Джоули,130,Да,Нет,Нет,ISO 27971:2015
56,,"Пшеница 5 класс. Протеин 10,5%",11,Вомитоксин ,Текстовое,Согласно пределам ЕС,,,,,,ТР ТС 015/2011
57,,"Пшеница 5 класс. Протеин 10,5%",12,Зараженность,Текстовое,Не допускается,,,,,,ГОСТ 30483-97
58,,"Пшеница 5 класс. Протеин 10,5%",13,Запах,Текстовое,Свойственный здоровому зерну без запаха фумигантов и других инородных запахов,,,,,,
59,,"Пшеница 5 класс. Протеин 10,5%",14,Остальные показатели,Текстовое,Остальные показатели качества должны соответствовать ГОСТ  9353-2016,,,,,,
60,Пшеница,"Пшеница 5 класс. Протеин 11,0%",1,Натура,Числовое,г/л,Грамм на Литр,750,да,нет,нет,ГОСТ 10840 - 64
61,,"Пшеница 5 класс. Протеин 11,0%",2,Влажность,Числовое,%,Проценты,Нет,Нет,"14,0",Да,ГОСТ 13586.5-2015
62,,"Пшеница 5 класс. Протеин 11,0%",3,Сорная примечь,Числовое,%,Проценты,Нет,Нет,"2,0",Да,ГОСТ 30483-97
63,,"Пшеница 5 класс. Протеин 11,0%",4,Зерновая примесь,Числовое,%,Проценты,Нет,Нет,"5,0",Да,ГОСТ 30483-97
64,,"Пшеница 5 класс. Протеин 11,0%",5,Протеин,Числовое,%,Проценты,"11,0",Да,Нет,Нет,ГОСТ 10846-91
65,,"Пшеница 5 класс. Протеин 11,0%",6,Число падения,Числовое,c,Секунды,190,Да,Нет,Нет,ГОСТ 27676 - 88
66,,"Пшеница 5 класс. Протеин 11,0%",7,Количество клейковины ,Числовое,%,Проценты,16,Да,Нет,Нет,ГОСТ Р 54478-2011
67,,"Пшеница 5 класс. Протеин 11,0%",8,ИДК,Числовое,ед.,Единицы,43,Да,102,Да,ГОСТ Р 54478-2011
68,,"Пшеница 5 класс. Протеин 11,0%",9,Повреждение клопом черепашкой,Числовое,%,Проценты,нет,нет,"2,0",Да,ГОСТ 30483-97
69,,"Пшеница 5 класс. Протеин 11,0%",10,Альвеографические характеристики теста,Числовое,дж.,Джоули,160,Да,Нет,Нет,ISO 27971:2015
70,,"Пшеница 5 класс. Протеин 11,0%",11,Вомитоксин ,Текстовое,Согласно пределам ЕС,,,,,,ТР ТС 015/2011
71,,"Пшеница 5 класс. Протеин 11,0%",12,Зараженность,Текстовое,Не допускается,,,,,,ГОСТ 30483-97
72,,"Пшеница 5 класс. Протеин 11,0%",13,Запах,Текстовое,Свойственный здоровому зерну без запаха фумигантов и других инородных запахов,,,,,,
73,,"Пшеница 5 класс. Протеин 11,0%",14,Остальные показатели,Текстовое,Остальные показатели качества должны соответствовать ГОСТ  9353-2016,,,,,,
74,Пшеница,"Пшеница 5 класс. Протеин 11,2%",1,Натура,Числовое,г/л,Грамм на Литр,750,да,нет,нет,ГОСТ 10840 - 64
75,,"Пшеница 5 класс. Протеин 11,2%",2,Влажность,Числовое,%,Проценты,Нет,Нет,"14,0",Да,ГОСТ 13586.5-2015
76,,"Пшеница 5 класс. Протеин 11,2%",3,Сорная примечь,Числовое,%,Проценты,Нет,Нет,"2,0",Да,ГОСТ 30483-97
77,,"Пшеница 5 класс. Протеин 11,2%",4,Зерновая примесь,Числовое,%,Проценты,Нет,Нет,"5,0",Да,ГОСТ 30483-97
78,,"Пшеница 5 класс. Протеин 11,2%",5,Протеин,Числовое,%,Проценты,"10,0",Да,Нет,Нет,ГОСТ 10846-91
79,,"Пшеница 5 класс. Протеин 11,2%",6,Число падения,Числовое,c,Секунды,190,Да,Нет,Нет,ГОСТ 27676 - 88
80,,"Пшеница 5 класс. Протеин 11,2%",7,Количество клейковины ,Числовое,%,Проценты,17,Да,Нет,Нет,ГОСТ Р 54478-2011
81,,"Пшеница 5 класс. Протеин 11,2%",8,ИДК,Числовое,ед.,Единицы,43,Да,102,Да,ГОСТ Р 54478-2011
82,,"Пшеница 5 класс. Протеин 11,2%",9,Повреждение клопом черепашкой,Числовое,%,Проценты,нет,нет,"2,0",Да,ГОСТ 30483-97
83,,"Пшеница 5 класс. Протеин 11,2%",10,Альвеографические характеристики теста,Числовое,дж.,Джоули,160,Да,Нет,Нет,ISO 27971:2015
84,,"Пшеница 5 класс. Протеин 11,2%",11,Вомитоксин ,Текстовое,Согласно пределам ЕС,,,,,,ТР ТС 015/2011
85,,"Пшеница 5 класс. Протеин 11,2%",12,Зараженность,Текстовое,Не допускается,,,,,,ГОСТ 30483-97
86,,"Пшеница 5 класс. Протеин 11,2%",13,Запах,Текстовое,Свойственный здоровому зерну без запаха фумигантов и других инородных запахов,,,,,,
87,,"Пшеница 5 класс. Протеин 11,2%",14,Остальные показатели,Текстовое,Остальные показатели качества должны соответствовать ГОСТ  9353-2016,,,,,,
88,Пшеница,"Пшеница 4 класс. Протеин 11,5%",1,Натура,Числовое,г/л,Грамм на Литр,750,да,нет,нет,ГОСТ 10840 - 64
89,,"Пшеница 4 класс. Протеин 11,5%",2,Влажность,Числовое,%,Проценты,Нет,Нет,"14,0",Да,ГОСТ 13586.5-2015
90,,"Пшеница 4 класс. Протеин 11,5%",3,Сорная примечь,Числовое,%,Проценты,Нет,Нет,"2,0",Да,ГОСТ 30483-97
91,,"Пшеница 4 класс. Протеин 11,5%",4,Зерновая примесь,Числовое,%,Проценты,Нет,Нет,"5,0",Да,ГОСТ 30483-97
92,,"Пшеница 4 класс. Протеин 11,5%",5,Протеин,Числовое,%,Проценты,"11,5",Да,Нет,Нет,ГОСТ 10846-91
93,,"Пшеница 4 класс. Протеин 11,5%",6,Число падения,Числовое,c,Секунды,230,Да,Нет,Нет,ГОСТ 27676 - 88
94,,"Пшеница 4 класс. Протеин 11,5%",7,Количество клейковины ,Числовое,%,Проценты,18,Да,Нет,Нет,ГОСТ Р 54478-2011
95,,"Пшеница 4 класс. Протеин 11,5%",8,ИДК,Числовое,ед.,Единицы,43,Да,102,Да,ГОСТ Р 54478-2011
96,,"Пшеница 4 класс. Протеин 11,5%",9,Повреждение клопом черепашкой,Числовое,%,Проценты,нет,нет,"2,0",Да,ГОСТ 30483-97
97,,"Пшеница 4 класс. Протеин 11,5%",10,Альвеографические характеристики теста,Числовое,дж.,Джоули,160,Да,Нет,Нет,ISO 27971:2015
98,,"Пшеница 4 класс. Протеин 11,5%",11,Вомитоксин ,Текстовое,Согласно пределам ЕС,,,,,,ТР ТС 015/2011
99,,"Пшеница 4 класс. Протеин 11,5%",12,Зараженность,Текстовое,Не допускается,,,,,,ГОСТ 30483-97
100,,"Пшеница 4 класс. Протеин 11,5%",13,Запах,Текстовое,Свойственный здоровому зерну без запаха фумигантов и других инородных запахов,,,,,,
101,,"Пшеница 4 класс. Протеин 11,5%",14,Остальные показатели,Текстовое,Остальные показатели качества должны соответствовать ГОСТ  9353-2016,,,,,,
102,Пшеница,"Пшеница 4 класс. Протеин 12,0%",1,Натура,Числовое,г/л,Грамм на Литр,750,да,нет,нет,ГОСТ 10840 - 64
103,,"Пшеница 4 класс. Протеин 12,0%",2,Влажность,Числовое,%,Проценты,Нет,Нет,"14,0",Да,ГОСТ 13586.5-2015
104,,"Пшеница 4 класс. Протеин 12,0%",3,Сорная примечь,Числовое,%,Проценты,Нет,Нет,"2,0",Да,ГОСТ 30483-97
105,,"Пшеница 4 класс. Протеин 12,0%",4,Зерновая примесь,Числовое,%,Проценты,Нет,Нет,"5,0",Да,ГОСТ 30483-97
106,,"Пшеница 4 класс. Протеин 12,0%",5,Протеин,Числовое,%,Проценты,"12,0",Да,Нет,Нет,ГОСТ 10846-91
107,,"Пшеница 4 класс. Протеин 12,0%",6,Число падения,Числовое,c,Секунды,230,Да,Нет,Нет,ГОСТ 27676 - 88
108,,"Пшеница 4 класс. Протеин 12,0%",7,Количество клейковины ,Числовое,%,Проценты,19,Да,Нет,Нет,ГОСТ Р 54478-2011
109,,"Пшеница 4 класс. Протеин 12,0%",8,ИДК,Числовое,ед.,Единицы,43,Да,102,Да,ГОСТ Р 54478-2011
110,,"Пшеница 4 класс. Протеин 12,0%",9,Повреждение клопом черепашкой,Числовое,%,Проценты,нет,нет,"2,0",Да,ГОСТ 30483-97
111,,"Пшеница 4 класс. Протеин 12,0%",10,Альвеографические характеристики теста,Числовое,дж.,Джоули,170,Да,Нет,Нет,ISO 27971:2015
112,,"Пшеница 4 класс. Протеин 12,0%",11,Вомитоксин ,Текстовое,Согласно пределам ЕС,,,,,,ТР ТС 015/2011
113,,"Пшеница 4 класс. Протеин 12,0%",12,Зараженность,Текстовое,Не допускается,,,,,,ГОСТ 30483-97
114,,"Пшеница 4 класс. Протеин 12,0%",13,Запах,Текстовое,Свойственный здоровому зерну без запаха фумигантов и других инородных запахов,,,,,,
115,,"Пшеница 4 класс. Протеин 12,0%",14,Остальные показатели,Текстовое,Остальные показатели качества должны соответствовать ГОСТ  9353-2016,,,,,,
116,Пшеница,"Пшеница 4 класс. Протеин 12,5%",1,Натура,Числовое,г/л,Грамм на Литр,760,да,нет,нет,ГОСТ 10840 - 64
117,,"Пшеница 4 класс. Протеин 12,5%",2,Влажность,Числовое,%,Проценты,Нет,Нет,"14,0",Да,ГОСТ 13586.5-2015
118,,"Пшеница 4 класс. Протеин 12,5%",3,Сорная примечь,Числовое,%,Проценты,Нет,Нет,"2,0",Да,ГОСТ 30483-97
119,,"Пшеница 4 класс. Протеин 12,5%",4,Зерновая примесь,Числовое,%,Проценты,Нет,Нет,"5,0",Да,ГОСТ 30483-97
120,,"Пшеница 4 класс. Протеин 12,5%",5,Протеин,Числовое,%,Проценты,"12,5",Да,Нет,Нет,ГОСТ 10846-91
121,,"Пшеница 4 класс. Протеин 12,5%",6,Число падения,Числовое,c,Секунды,250,Да,Нет,Нет,ГОСТ 27676 - 88
122,,"Пшеница 4 класс. Протеин 12,5%",7,Количество клейковины ,Числовое,%,Проценты,20,Да,Нет,Нет,ГОСТ Р 54478-2011
123,,"Пшеница 4 класс. Протеин 12,5%",8,ИДК,Числовое,ед.,Единицы,43,Да,102,Да,ГОСТ Р 54478-2011
124,,"Пшеница 4 класс. Протеин 12,5%",9,Повреждение клопом черепашкой,Числовое,%,Проценты,нет,нет,"2,0",Да,ГОСТ 30483-97
125,,"Пшеница 4 класс. Протеин 12,5%",10,Альвеографические характеристики теста,Числовое,дж.,Джоули,180,Да,Нет,Нет,ISO 27971:2015
126,,"Пшеница 4 класс. Протеин 12,5%",11,Вомитоксин ,Текстовое,Согласно пределам ЕС,,,,,,ТР ТС 015/2011
127,,"Пшеница 4 класс. Протеин 12,5%",12,Зараженность,Текстовое,Не допускается,,,,,,ГОСТ 30483-97
128,,"Пшеница 4 класс. Протеин 12,5%",13,Запах,Текстовое,Свойственный здоровому зерну без запаха фумигантов и других инородных запахов,,,,,,
129,,"Пшеница 4 класс. Протеин 12,5%",14,Остальные показатели,Текстовое,Остальные показатели качества должны соответствовать ГОСТ  9353-2016,,,,,,
130,Пшеница,"Пшеница 4 класс. Протеин 13,0%",1,Натура,Числовое,г/л,Грамм на Литр,770,да,нет,нет,ГОСТ 10840 - 64
131,,"Пшеница 4 класс. Протеин 13,0%",2,Влажность,Числовое,%,Проценты,Нет,Нет,"14,0",Да,ГОСТ 13586.5-2015
132,,"Пшеница 4 класс. Протеин 13,0%",3,Сорная примечь,Числовое,%,Проценты,Нет,Нет,"2,0",Да,ГОСТ 30483-97
133,,"Пшеница 4 класс. Протеин 13,0%",4,Зерновая примесь,Числовое,%,Проценты,Нет,Нет,"5,0",Да,ГОСТ 30483-97
134,,"Пшеница 4 класс. Протеин 13,0%",5,Протеин,Числовое,%,Проценты,13,Да,Нет,Нет,ГОСТ 10846-91
135,,"Пшеница 4 класс. Протеин 13,0%",6,Число падения,Числовое,c,Секунды,250,Да,Нет,Нет,ГОСТ 27676 - 88
136,,"Пшеница 4 класс. Протеин 13,0%",7,Количество клейковины ,Числовое,%,Проценты,21,Да,Нет,Нет,ГОСТ Р 54478-2011
137,,"Пшеница 4 класс. Протеин 13,0%",8,ИДК,Числовое,ед.,Единицы,43,Да,102,Да,ГОСТ Р 54478-2011
138,,"Пшеница 4 класс. Протеин 13,0%",9,Повреждение клопом черепашкой,Числовое,%,Проценты,нет,нет,"2,0",Да,ГОСТ 30483-97
139,,"Пшеница 4 класс. Протеин 13,0%",10,Альвеографические характеристики теста,Числовое,дж.,Джоули,180,Да,Нет,Нет,ISO 27971:2015
140,,"Пшеница 4 класс. Протеин 13,0%",11,Вомитоксин ,Текстовое,Согласно пределам ЕС,,,,,,ТР ТС 015/2011
141,,"Пшеница 4 класс. Протеин 13,0%",12,Зараженность,Текстовое,Не допускается,,,,,,ГОСТ 30483-97
142,,"Пшеница 4 класс. Протеин 13,0%",13,Запах,Текстовое,Свойственный здоровому зерну без запаха фумигантов и других инородных запахов,,,,,,
143,,"Пшеница 4 класс. Протеин 13,0%",14,Остальные показатели,Текстовое,Остальные показатели качества должны соответствовать ГОСТ  9353-2016,,,,,,
144,Пшеница,"Пшеница 3 класс. Протеин 13,5%",1,Натура,Числовое,г/л,Грамм на Литр,770,да,нет,нет,ГОСТ 10840 - 64
145,,"Пшеница 3 класс. Протеин 13,5%",2,Влажность,Числовое,%,Проценты,Нет,Нет,"14,0",Да,ГОСТ 13586.5-2015
146,,"Пшеница 3 класс. Протеин 13,5%",3,Сорная примечь,Числовое,%,Проценты,Нет,Нет,"2,0",Да,ГОСТ 30483-97
147,,"Пшеница 3 класс. Протеин 13,5%",4,Зерновая примесь,Числовое,%,Проценты,Нет,Нет,"5,0",Да,ГОСТ 30483-97
148,,"Пшеница 3 класс. Протеин 13,5%",5,Протеин,Числовое,%,Проценты,"13,5",Да,Нет,Нет,ГОСТ 10846-91
149,,"Пшеница 3 класс. Протеин 13,5%",6,Число падения,Числовое,c,Секунды,250,Да,Нет,Нет,ГОСТ 27676 - 88
150,,"Пшеница 3 класс. Протеин 13,5%",7,Количество клейковины ,Числовое,%,Проценты,23,Да,Нет,Нет,ГОСТ Р 54478-2011
151,,"Пшеница 3 класс. Протеин 13,5%",8,ИДК,Числовое,ед.,Единицы,43,Да,95,Да,ГОСТ Р 54478-2011
152,,"Пшеница 3 класс. Протеин 13,5%",9,Повреждение клопом черепашкой,Числовое,%,Проценты,нет,нет,"2,0",Да,ГОСТ 30483-97
153,,"Пшеница 3 класс. Протеин 13,5%",10,Альвеографические характеристики теста,Числовое,дж.,Джоули,230,Да,Нет,Нет,ISO 27971:2015
154,,"Пшеница 3 класс. Протеин 13,5%",11,Вомитоксин ,Текстовое,Согласно пределам ЕС,,,,,,ТР ТС 015/2011
155,,"Пшеница 3 класс. Протеин 13,5%",12,Зараженность,Текстовое,Не допускается,,,,,,ГОСТ 30483-97
156,,"Пшеница 3 класс. Протеин 13,5%",13,Запах,Текстовое,Свойственный здоровому зерну без запаха фумигантов и других инородных запахов,,,,,,
157,,"Пшеница 3 класс. Протеин 13,5%",14,Остальные показатели,Текстовое,Остальные показатели качества должны соответствовать ГОСТ  9353-2016,,,,,,
158,Пшеница,"Пшеница 3 класс. Протеин 14,0%",1,Натура,Числовое,г/л,Грамм на Литр,770,да,нет,нет,ГОСТ 10840 - 64
159,,"Пшеница 3 класс. Протеин 14,0%",2,Влажность,Числовое,%,Проценты,Нет,Нет,"14,0",Да,ГОСТ 13586.5-2015
160,,"Пшеница 3 класс. Протеин 14,0%",3,Сорная примечь,Числовое,%,Проценты,Нет,Нет,"2,0",Да,ГОСТ 30483-97
161,,"Пшеница 3 класс. Протеин 14,0%",4,Зерновая примесь,Числовое,%,Проценты,Нет,Нет,"5,0",Да,ГОСТ 30483-97
162,,"Пшеница 3 класс. Протеин 14,0%",5,Протеин,Числовое,%,Проценты,14,Да,Нет,Нет,ГОСТ 10846-91
163,,"Пшеница 3 класс. Протеин 14,0%",6,Число падения,Числовое,c,Секунды,250,Да,Нет,Нет,ГОСТ 27676 - 88
164,,"Пшеница 3 класс. Протеин 14,0%",7,Количество клейковины ,Числовое,%,Проценты,24,Да,Нет,Нет,ГОСТ Р 54478-2011
165,,"Пшеница 3 класс. Протеин 14,0%",8,ИДК,Числовое,ед.,Единицы,43,Да,95,Да,ГОСТ Р 54478-2011
166,,"Пшеница 3 класс. Протеин 14,0%",9,Повреждение клопом черепашкой,Числовое,%,Проценты,нет,нет,"2,0",Да,ГОСТ 30483-97
167,,"Пшеница 3 класс. Протеин 14,0%",10,Альвеографические характеристики теста,Числовое,дж.,Джоули,270,Да,Нет,Нет,ISO 27971:2015
168,,"Пшеница 3 класс. Протеин 14,0%",11,Вомитоксин ,Текстовое,Согласно пределам ЕС,,,,,,ТР ТС 015/2011
169,,"Пшеница 3 класс. Протеин 14,0%",12,Зараженность,Текстовое,Не допускается,,,,,,ГОСТ 30483-97
170,,"Пшеница 3 класс. Протеин 14,0%",13,Запах,Текстовое,Свойственный здоровому зерну без запаха фумигантов и других инородных запахов,,,,,,
171,,"Пшеница 3 класс. Протеин 14,0%",14,Остальные показатели,Текстовое,Остальные показатели качества должны соответствовать ГОСТ  9353-2016,,,,,,
172,Пшеница,"Пшеница 3 класс. Протеин 14,5%",1,Натура,Числовое,г/л,Грамм на Литр,780,да,нет,нет,ГОСТ 10840 - 64
173,,"Пшеница 3 класс. Протеин 14,5%",2,Влажность,Числовое,%,Проценты,Нет,Нет,"14,0",Да,ГОСТ 13586.5-2015
174,,"Пшеница 3 класс. Протеин 14,5%",3,Сорная примечь,Числовое,%,Проценты,Нет,Нет,"2,0",Да,ГОСТ 30483-97
175,,"Пшеница 3 класс. Протеин 14,5%",4,Зерновая примесь,Числовое,%,Проценты,Нет,Нет,"5,0",Да,ГОСТ 30483-97
176,,"Пшеница 3 класс. Протеин 14,5%",5,Протеин,Числовое,%,Проценты,"14,5",Да,Нет,Нет,ГОСТ 10846-91
177,,"Пшеница 3 класс. Протеин 14,5%",6,Число падения,Числовое,c,Секунды,270,Да,Нет,Нет,ГОСТ 27676 - 88
178,,"Пшеница 3 класс. Протеин 14,5%",7,Количество клейковины ,Числовое,%,Проценты,26,Да,Нет,Нет,ГОСТ Р 54478-2011
179,,"Пшеница 3 класс. Протеин 14,5%",8,ИДК,Числовое,ед.,Единицы,43,Да,95,Да,ГОСТ Р 54478-2011
180,,"Пшеница 3 класс. Протеин 14,5%",9,Повреждение клопом черепашкой,Числовое,%,Проценты,нет,нет,1,Да,ГОСТ 30483-97
181,,"Пшеница 3 класс. Протеин 14,5%",10,Альвеографические характеристики теста,Числовое,дж.,Джоули,270,Да,Нет,Нет,ISO 27971:2015
182,,"Пшеница 3 класс. Протеин 14,5%",11,Вомитоксин ,Текстовое,Согласно пределам ЕС,,,,,,ТР ТС 015/2011
183,,"Пшеница 3 класс. Протеин 14,5%",12,Зараженность,Текстовое,Не допускается,,,,,,ГОСТ 30483-97
184,,"Пшеница 3 класс. Протеин 14,5%",13,Запах,Текстовое,Свойственный здоровому зерну без запаха фумигантов и других инородных запахов,,,,,,
185,,"Пшеница 3 класс. Протеин 14,5%",14,Остальные показатели,Текстовое,Остальные показатели качества должны соответствовать ГОСТ  9353-2016,,,,,,
186,Горох,Горох ,1,Влажность,Числовое,%,Проценты,Нет,Нет,"14,0",Да,ГОСТ 13586.5-2015
187,,Горох ,2,Сорная примесь,Числовое,%,Проценты,Нет,Нет,"2,0",Да,ГОСТ 30483-97
188,,Горох ,3,Зерновая примесь,Числовое,%,Проценты,Нет,Нет,15,Да,ГОСТ 30483-97
189,,Горох ,4,Битые,Числовое,%,Проценты,Нет,Нет,8,Да,ISO 605
190,,Горох ,5,Поврежденные,Числовое,%,Проценты,Нет,Нет,3,Да,ISO 605
191,,Горох ,6,Цветные,Числовое,%,Проценты,Нет,Нет,3,Да,ISO 605
192,,Горох ,7,Запах,Текстовое,Свойственный здоровому зерну без запаха фумигантов и других инородных запахов,,,,,,
193,,Горох ,8,"Битые, поврежденные, цветные определяются ",Текстовое,По методу ИСО 605,,,,,,
194,,Горох ,9,Зараженность,Текстовое,Не допускается,,,,,,ГОСТ 30483-97
195,,Горох ,10,Остальные показатели,Текстовое,Остальные показатели должны соответствовать ГОСТ 28674 - 90,,,,,,
196,Ячмень,Ячмень,1,Натура,Числовое,г/л,Грамм на Литр,620,Да,Нет,Нет,ГОСТ 10840 - 64
197,,Ячмень,2,Влажность,Числовое,%,Проценты,Нет,Нет,"14,0",Да,ГОСТ 13586.5-2015
198,,Ячмень,3,Сорная примесь,Числовое,%,Проценты,Нет,Нет,"2,0",Да,ГОСТ 30483-97
199,,Ячмень,4,Зерновая примесь,Числовое,%,Проценты,Нет,Нет,"5,0",Да,ГОСТ 30483-97
200,,Ячмень,5,Афлатоксины,Числовое,ppb,Миллиарндая доля,Нет,Нет,20,Да,
201,,Ячмень,6,Зараженность,Текстовое,Не допускается,,,,,,ГОСТ 30483-97
202,Подсолнечник,Подсолнечник,1,Влажность,Числовое,%,Проценты,Нет,Нет,10,Да,ГОСТ 13586.5-2015
203,,Подсолнечник,2,Сорная примесь,Числовое,%,Проценты,Нет,Нет,2,Да,ГОСТ 10854-88
204,,Подсолнечник,3,Масличная примесь,Числовое,%,Проценты,Нет,Нет,15,Да,ГОСТ 10854-88
205,,Подсолнечник,4,Масличность,Числовое,%,Проценты,Нет,Нет,48,Да,ГОСТ ISO 659 - 2017
206,,Подсолнечник,5,КЧМ ,Числовое,КОН/г,Кислотное число,Нет,Нет,3,Да,ГОСТ Р 51410 - 99
207,,Подсолнечник,6,Свободные жирные кислоты,Числовое,%,Проценты,Нет,Нет,3,Да,ГОСТ Р 51410 - 99
208,,Подсолнечник,7,Афлатоксины,Числовое,ppb,Миллиарндая доля,Нет,Нет,20,Да,ТР ТС 015/2011
209,,Подсолнечник,10,Зараженность,Текстовое,Не допускается,,,,,,ГОСТ 10853-88
210,,Подсолнечник,11,Запах,Текстовое,Свойственный здоровому зерну без запаха фумигантов и других инородных запахов,,,,,,
211,,Подсолнечник,12,Афлатоксины,Текстовое,В пределах европейских норм,,,,,,
212,,Подсолнечник,13,Пестициды,Текстовое,В пределах европейских норм,,,,,,
,,Подсолнечник,14,Остальные показатели,Текстовое,Анализ на масличность проводится по ФОСФА 11 (ИСО),,,,,,
213,,Подсолнечник,15,Остальные показатели,Текстовое,Остальные показатели должны соответствовать ГОСТ 22391-2015,,,,,,
214,Рапс,Рапс,1,Влажность,Числовое,%,Проценты,Нет,Нет,8,Да,ГОСТ 13586.5-2015
215,,Рапс,2,Сорная примесь,Числовое,%,Проценты,Нет,Нет,2,Да,ГОСТ 10854-88
216,,Рапс,3,Масличность,Числовое,%,Проценты,Нет,Нет,41,Да,ГОСТ ISO 659 - 2015
217,,Рапс,4,Свободные жирные кислоты,Числовое,%,Проценты,Нет,Нет,2,Да,ГОСТ Р 51410 - 99
218,,Рапс,5,Эруковая кислота,Числовое,%,Проценты,Нет,Нет,2,Да,ISO 12966:2014
219,,Рапс,6,Глюкозинолаты,Числовое,мкмоль/г,Микромоль на грамм,Нет,Нет,25,Да,ГОСТ ISO 9167-1-2015
220,,Рапс,7,Зараженность зерновыми вредителями,Текстовое,Не допускается,,,,,,ГОСТ 10853-88
221,,Рапс,8,Запах,Текстовое,Свойственный здоровому зерну без запаха фумигантов и других инородных запахов,,,,,,
222,,Рапс,9,Остальные показатели,Текстовое,"Анализы на масличность, FFA, содержание эруковой кислоты, проводятся по ФОСФА 11 (ИСО)",,,,,,
223,,Рапс,10,Остальные показатели,Текстовое,Остальные показатели качества должны соответствовать ГОСТ 10583 – 76,,,,,,
224,Лен,Лён,1,Влажность,Числовое,%,Проценты,Нет,Нет,9,Да,ГОСТ 13586.5-2015
225,,Лён,2,Сорная примесь,Числовое,%,Проценты,Нет,Нет,3,Да,ГОСТ 10854-88
226,,Лён,4,Масличность,Числовое,%,Проценты,Нет,Нет,40,Да,ГОСТ ISO 659 - 2015
227,,Лён,5,Свободные жирные кислоты,Числовое,%,Проценты,Нет,Нет,"1,5",Да,ГОСТ Р 51410 - 99
228,,Лён,6,Афлатоксины,Числовое,ppb,Миллиарндая доля,Нет,Нет,20,Да,ТР ТС 015/2011
229,,Лён,9,Зараженность зерновыми вредителями,Текстовое,Не допускается,,,,,,ГОСТ 10853-88
230,,Лён,10,Запах,Текстовое,Свойственный здоровому зерну без запаха фумигантов и других инородных запахов,,,,,,
231,,Лён,11,Остальные показатели,Текстовое,"Анализы на масличность, FFA, проводятся по ФОСФА 11 (ИСО)",,,,,,
232,,Лён,12,Остальные показатели,Текстовое,Остальные показатели качества должны соответствовать ГОСТ 10583 – 76,,,,,,
233,Соя,Соя,1,Влажность,Числовое,%,Проценты,Нет,Нет,"12,5",Да,ГОСТ 10856-96
234,,Соя,2,Сорная примесь,Числовое,%,Проценты,Нет,Нет,2,Да,ГОСТ 10854-88
235,,Соя,3,Протеин,Числовое,%,Проценты,33,Да,Нет,Нет,ГОСТ 10846-91
236,,Соя,4,Масличность,Числовое,%,Проценты,Нет,Нет,"18,5",Да,ГОСТ 10857-64
237,,Соя,5,Афлатоксины ,Текстовое,В пределах европейских норм,,,,,,ТР ТС 015/2011
238,,Соя,6,Пестициды,Текстовое,В пределах европейских норм,,,,,,ТР ТС 015/2011
239,,Соя,7,Зараженность,Текстовое,Не допускается,,,,,,ГОСТ 10853-88
240,,Соя,8,Запах,Текстовое,Свойственный здоровому зерну без запаха фумигантов и других инородных запахов,,,,,,
241,,Соя,9,Афлатоксины,Текстовое,В пределах европейских норм,,,,,,
242,,Соя,10,Пестициды,Текстовое,В пределах европейских норм,,,,,,
243,,Соя,11,ГМО,Текстовое,Не допускается,,,,,,
244,,Соя,12,Остальные показатели,Текстовое,Остальные показатели качества должны соответствовать ГОСТ 17109-88,,,,,,
245,Нут,Нут,1,Влажность,Числовое,%,Проценты,Нет,Нет,14,Да,ГОСТ 13586.5-2015
246,,Нут,2,Сорная примесь,Числовое,%,Проценты,Нет,Нет,2,Да,ГОСТ 30483-97
247,,Нут,3,Зерновая примесь,Числовое,%,Проценты,Нет,Нет,12,Да,ГОСТ 30483-97
248,,Нут,4,Битые,Числовое,%,Проценты,Нет,Нет,8,Да,ISO 605
249,,Нут,5,Поврежденные,Числовое,%,Проценты,Нет,Нет,3,Да,ISO 605
250,,Нут,6,Цветные,Числовое,%,Проценты,Нет,Нет,3,Да,ISO 605
251,,Нут,7,Грязный нут,Числовое,%,Проценты,Нет,Нет,1,Да,
252,,Нут,8,"Проход через сито D7,0мм",Числовое,%,Проценты,Нет,Нет,"10,0",Да,
253,,Нут,9,Зараженность,Текстовое,Не допускается,,,,,,ГОСТ 30483-97
254,,Нут,10,Запах,Текстовое,Свойственный здоровому зерну без запаха фумигантов и других инородных запахов,,,,,,
255,,Нут,11,Остальные показатели,Текстовое,"Битые, поврежденные, другого цвета определяются по ИСО 605",,,,,,
256,,Нут,12,Остальные показатели,Текстовое,Остальные показатели должны соответствовать ГОСТ 8758-76,,,,,,
257,Подсолнечный жмых,Подсолнечный жмых,1,Влажность,Числовое,%,Проценты,Нет,Нет,10,Да,
258,,Подсолнечный жмых,2,Протеин,Числовое,%,Проценты,29,Да,Нет,Нет,
259,,Подсолнечный жмых,3,Масличность,Числовое,%,Проценты,Нет,Нет,12,Да,
260,,Подсолнечный жмых,4,Клетчатка,Числовое,%,Проценты,Нет,Нет,23,Да,
261,,Подсолнечный жмых,6,ГМО ,Числовое,%,Проценты,Нет,Нет,"0,1",Да,
262,,Подсолнечный жмых,7,Вредные вещества,Текстовое,Не допускаются,,,,,,
263,,Подсолнечный жмых,8,Семена ядовитых сорных растений,Текстовое,Не допускаются,,,,,,
264,,Подсолнечный жмых,9,Зараженность,Текстовое,Не допускается,,,,,,
265,,Подсолнечный жмых,10,Цвет,Текстовое,Серый различных оттенков,,,,,,
266,,Подсолнечный жмых,11,Запах,Текстовое,"Запах, свойственный подсолнечному шроту, без постороннего запаха",,,,,,
267,,Подсолнечный жмых,13,Остальные показатели,Текстовое,"Анализы на масличность, протеин, клетчатку проводятся по ФОСФА 11 (ИСО)",,,,,,
268,,Подсолнечный жмых,14,Остальные показатели,Текстовое,Остальные показатели качества должны соответствовать ГОСТ - 80 - 96,,,,,,
269,Соевый жмых,Соевый жмых,1,Влажность,Числовое,%,Проценты,Нет,Нет,8,Да,
270,,Соевый жмых,2,Протеин,Числовое,%,Проценты,44,Да,Нет,Нет,
271,,Соевый жмых,3,Масличность,Числовое,%,Проценты,Нет,Нет,8,Да,
272,,Соевый жмых,4,Вредные вещества,Текстовое,Не допускаются,,,,,,
273,,Соевый жмых,5,Семена ядовитых сорных растений,Текстовое,Не допускаются,,,,,,
274,,Соевый жмых,6,Зараженность зерновыми вредителями,Текстовое,Не допускается,,,,,,
275,,Соевый жмых,7,ГМО,Текстовое,Не допускается,,,,,,
276,,Соевый жмых,8,Внешний вид,Текстовое,Рассыпной,,,,,,
277,,Соевый жмых,9,Цвет,Текстовое,"Желто - коричневый, без признаков плесени, ферментации и порчи",,,,,,
278,,Соевый жмых,10,Запах,Текстовое,Свойственный здоровому зерну без запаха фумигантов и других инородных запахов,,,,,,